id,fase,modelo_clave,modelo,inicio_utc,ejecucion_ok,intentos,finish_reason,ttft_respuesta_s,latencia_total_s,duracion_con_reintentos_s,tokens_entrada,tokens_salida,costo_usd,quality_gate_score,cumple_tarea,schema_ok,chequeos_fallidos,componentes
f2_cloud_generalista,2,cloud_generalista,moonshotai/kimi-k3,2026-09-27T21:15:09.760374+00:00,True,1,stop,4.05296590004582,282.0277251000516,282.02878209995106,2430,5333,0.0,100.0,True,True,,{}
f2_cloud_razonamiento,2,cloud_razonamiento,nvidia/nemotron-3-super-120b-a12b,2026-09-27T21:19:51.792888+00:00,True,1,length,70.15443039999809,70.15593770006672,70.15775459993165,2180,8192,0.0,0.0,False,False,,{}
f2_local,2,local,qwen2.5-coder:7b,2026-09-27T21:29:58.126963+00:00,True,1,stop,2.6661205999553204,206.25084449991118,207.25914560002275,2194,2652,0.0,66.67,False,True,referencia rota REQ-07 -> REQ-09 | contradicción REQ-03 / REQ-08 | alerta legal REQ-10,{}
f5_cloud_generalista,5,cloud_generalista,moonshotai/kimi-k3,2026-09-27T21:33:25.381947+00:00,True,1,stop,48.83333560009487,479.8581939000869,479.8595758000156,2909,8039,0.0,100.0,True,True,,"{""validez_suite"": 20.0, ""mutacion"": 30.0, ""defectos_detectados_por_la_suite"": 20, ""defectos_reportados_en_texto"": 10, ""cobertura_lineas"": 10.0, ""trazabilidad"": 10}"
f5_cloud_razonamiento,5,cloud_razonamiento,nvidia/nemotron-3-super-120b-a12b,2026-09-27T21:12:59.369936+00:00,True,1,stop,8.306194399949163,63.11600269994233,63.11736439995002,2716,7607,0.0,85.0,True,True,,"{""validez_suite"": 20.0, ""mutacion"": 20.0, ""defectos_detectados_por_la_suite"": 20, ""defectos_reportados_en_texto"": 10, ""cobertura_lineas"": 10.0, ""trazabilidad"": 5}"
f5_local,5,local,qwen2.5-coder:7b,2026-09-27T21:24:59.748483+00:00,True,1,stop,3.2287961000110954,297.4206022999715,298.37295819993597,2693,3681,0.0,54.66,False,True,,"{""validez_suite"": 20.0, ""mutacion"": 10.0, ""defectos_detectados_por_la_suite"": 10, ""defectos_reportados_en_texto"": 0, ""cobertura_lineas"": 9.66, ""trazabilidad"": 5}"
f6_cloud_generalista,6,cloud_generalista,moonshotai/kimi-k3,2026-09-27T21:21:01.953216+00:00,True,1,stop,2.348641199991107,216.68832469999325,216.68938290001824,1805,5071,0.0,100.0,True,True,,{}
f6_cloud_razonamiento,6,cloud_razonamiento,nvidia/nemotron-3-super-120b-a12b,2026-09-27T21:41:25.243974+00:00,True,1,stop,12.371358299977146,40.64089839998633,40.64182120002806,1585,5297,0.0,100.0,True,True,,{}
f6_local,6,local,qwen2.5-coder:7b,2026-09-27T21:11:27.662713+00:00,True,1,stop,1.887810500105843,90.71996540005784,91.73706249997485,1654,1312,0.0,72.73,False,True,Dockerfile multietapa | contenedor sin root (USER) | verificación del despliegue (health/smoke),{}
f7_cloud_generalista,7,cloud_generalista,moonshotai/kimi-k3,2026-09-27T21:42:05.888433+00:00,True,1,stop,2.5948891000589356,89.60729420010466,89.60765829996672,2435,1550,0.0,100.0,True,True,,"{""regresion"": 60.0, ""alcance_minimo"": 10, ""secciones"": 15.0, ""trazabilidad"": 15.0}"
f7_cloud_razonamiento,7,cloud_razonamiento,nvidia/nemotron-3-super-120b-a12b,2026-09-27T21:24:38.645744+00:00,True,1,stop,5.010219300049357,21.094791700015776,21.09518470009789,2191,1370,0.0,100.0,True,True,,"{""regresion"": 60.0, ""alcance_minimo"": 10, ""secciones"": 15.0, ""trazabilidad"": 15.0}"
f7_local,7,local,qwen2.5-coder:7b,2026-09-27T21:14:02.498025+00:00,True,1,stop,2.741850499995053,66.29290969995782,67.26305379997939,2234,906,0.0,100.0,True,True,,"{""regresion"": 60.0, ""alcance_minimo"": 10, ""secciones"": 15.0, ""trazabilidad"": 15.0}"
