fase,escenario,modelo,calidad,cumplimiento,latencia,costo,recursos,utilidad,elegible,ganador
1,base,cloud_razonamiento,0.8308,0.7778,1.0,1.0,1.0,0.8657,True,True
1,base,cloud_generalista,0.7983,1.0,0.4108,1.0,1.0,0.8309,True,False
1,base,local,0.6482,0.3333,0.8258,1.0,0.3403,0.6002,False,False
1,calidad_primero,cloud_generalista,0.7983,1.0,0.4108,1.0,1.0,0.8495,True,True
1,calidad_primero,cloud_razonamiento,0.8308,0.7778,1.0,1.0,1.0,0.8318,True,False
1,calidad_primero,local,0.6482,0.3333,0.8258,1.0,0.3403,0.5802,False,False
1,interactivo,cloud_razonamiento,0.8308,0.7778,1.0,1.0,1.0,0.9048,True,True
1,interactivo,cloud_generalista,0.7983,1.0,0.4108,1.0,1.0,0.7038,True,False
1,interactivo,local,0.6482,0.3333,0.8258,1.0,0.3403,0.6585,False,False
1,costo_y_recursos,cloud_razonamiento,0.8308,0.7778,1.0,1.0,1.0,0.9048,True,True
1,costo_y_recursos,cloud_generalista,0.7983,1.0,0.4108,1.0,1.0,0.8806,True,False
1,costo_y_recursos,local,0.6482,0.3333,0.8258,1.0,0.3403,0.6118,False,False
1,iguales,cloud_razonamiento,0.8308,0.7778,1.0,1.0,1.0,0.9217,True,True
1,iguales,cloud_generalista,0.7983,1.0,0.4108,1.0,1.0,0.8418,True,False
1,iguales,local,0.6482,0.3333,0.8258,1.0,0.3403,0.6295,False,False
1,base+costo_con_precio_publico,cloud_razonamiento,0.8308,0.7778,1.0,1.0,1.0,0.8657,True,True
1,base+costo_con_precio_publico,cloud_generalista,0.7983,1.0,0.4108,0.0729,1.0,0.7382,True,False
1,base+costo_con_precio_publico,local,0.6482,0.3333,0.8258,1.0,0.3403,0.6002,False,False
1,costo_y_recursos+precio_publico,cloud_razonamiento,0.8308,0.7778,1.0,1.0,1.0,0.9048,True,True
1,costo_y_recursos+precio_publico,cloud_generalista,0.7983,1.0,0.4108,0.0729,1.0,0.6951,True,False
1,costo_y_recursos+precio_publico,local,0.6482,0.3333,0.8258,1.0,0.3403,0.6118,False,False
1,base+notas_del_otro_juez,cloud_razonamiento,0.8356,0.7778,1.0,1.0,1.0,0.8676,True,True
1,base+notas_del_otro_juez,cloud_generalista,0.87,1.0,0.4108,1.0,1.0,0.8596,True,False
1,base+notas_del_otro_juez,local,0.7297,0.3333,0.8258,1.0,0.3403,0.6328,False,False
3,base,cloud_razonamiento,0.9027,0.8333,1.0,1.0,1.0,0.9111,True,True
3,base,cloud_generalista,0.8954,0.8333,0.37,1.0,1.0,0.8136,True,False
3,base,local,0.7543,0.7778,0.8015,1.0,0.3403,0.7723,True,False
3,calidad_primero,cloud_razonamiento,0.9027,0.8333,1.0,1.0,1.0,0.8916,True,True
3,calidad_primero,cloud_generalista,0.8954,0.8333,0.37,1.0,1.0,0.8557,True,False
3,calidad_primero,local,0.7543,0.7778,0.8015,1.0,0.3403,0.776,True,False
3,interactivo,cloud_razonamiento,0.9027,0.8333,1.0,1.0,1.0,0.9375,True,True
3,interactivo,local,0.7543,0.7778,0.8015,1.0,0.3403,0.7695,True,False
3,interactivo,cloud_generalista,0.8954,0.8333,0.37,1.0,1.0,0.6833,True,False
3,costo_y_recursos,cloud_razonamiento,0.9027,0.8333,1.0,1.0,1.0,0.9375,True,True
3,costo_y_recursos,cloud_generalista,0.8954,0.8333,0.37,1.0,1.0,0.8723,True,False
3,costo_y_recursos,local,0.7543,0.7778,0.8015,1.0,0.3403,0.7301,True,False
3,iguales,cloud_razonamiento,0.9027,0.8333,1.0,1.0,1.0,0.9472,True,True
3,iguales,cloud_generalista,0.8954,0.8333,0.37,1.0,1.0,0.8197,True,False
3,iguales,local,0.7543,0.7778,0.8015,1.0,0.3403,0.7348,True,False
3,base+costo_con_precio_publico,cloud_razonamiento,0.9027,0.8333,1.0,1.0,1.0,0.9111,True,True
3,base+costo_con_precio_publico,local,0.7543,0.7778,0.8015,1.0,0.3403,0.7723,True,False
3,base+costo_con_precio_publico,cloud_generalista,0.8954,0.8333,0.37,0.0425,1.0,0.7179,True,False
3,costo_y_recursos+precio_publico,cloud_razonamiento,0.9027,0.8333,1.0,1.0,1.0,0.9375,True,True
3,costo_y_recursos+precio_publico,local,0.7543,0.7778,0.8015,1.0,0.3403,0.7301,True,False
3,costo_y_recursos+precio_publico,cloud_generalista,0.8954,0.8333,0.37,0.0425,1.0,0.6808,True,False
3,base+notas_del_otro_juez,cloud_razonamiento,0.9142,0.8333,1.0,1.0,1.0,0.9157,True,True
3,base+notas_del_otro_juez,cloud_generalista,0.9427,0.8333,0.37,1.0,1.0,0.8326,True,False
3,base+notas_del_otro_juez,local,0.65,0.7778,0.8015,1.0,0.3403,0.7306,True,False
4,base,cloud_generalista,1.0,1.0,0.2566,1.0,1.0,0.8885,True,True
4,base,cloud_razonamiento,0.8244,0.6667,1.0,1.0,1.0,0.8297,False,False
4,base,local,0.6803,0.5,0.3763,1.0,0.3403,0.5956,False,False
4,calidad_primero,cloud_generalista,1.0,1.0,0.2566,1.0,1.0,0.9628,True,True
4,calidad_primero,cloud_razonamiento,0.8244,0.6667,1.0,1.0,1.0,0.7946,False,False
4,calidad_primero,local,0.6803,0.5,0.3763,1.0,0.3403,0.627,False,False
4,interactivo,cloud_razonamiento,0.8244,0.6667,1.0,1.0,1.0,0.8806,False,False
4,interactivo,cloud_generalista,1.0,1.0,0.2566,1.0,1.0,0.7026,True,True
4,interactivo,local,0.6803,0.5,0.3763,1.0,0.3403,0.5216,False,False
4,costo_y_recursos,cloud_generalista,1.0,1.0,0.2566,1.0,1.0,0.9257,True,True
4,costo_y_recursos,cloud_razonamiento,0.8244,0.6667,1.0,1.0,1.0,0.8806,False,False
4,costo_y_recursos,local,0.6803,0.5,0.3763,1.0,0.3403,0.6098,False,False
4,iguales,cloud_razonamiento,0.8244,0.6667,1.0,1.0,1.0,0.8982,False,False
4,iguales,cloud_generalista,1.0,1.0,0.2566,1.0,1.0,0.8513,True,True
4,iguales,local,0.6803,0.5,0.3763,1.0,0.3403,0.5794,False,False
4,base+costo_con_precio_publico,cloud_razonamiento,0.8244,0.6667,1.0,1.0,1.0,0.8297,False,False
4,base+costo_con_precio_publico,cloud_generalista,1.0,1.0,0.2566,0.043,1.0,0.7928,True,True
4,base+costo_con_precio_publico,local,0.6803,0.5,0.3763,1.0,0.3403,0.5956,False,False
4,costo_y_recursos+precio_publico,cloud_razonamiento,0.8244,0.6667,1.0,1.0,1.0,0.8806,False,False
4,costo_y_recursos+precio_publico,cloud_generalista,1.0,1.0,0.2566,0.043,1.0,0.7343,True,True
4,costo_y_recursos+precio_publico,local,0.6803,0.5,0.3763,1.0,0.3403,0.6098,False,False
4,base+notas_del_otro_juez,cloud_generalista,1.0,1.0,0.2566,1.0,1.0,0.8885,True,True
4,base+notas_del_otro_juez,cloud_razonamiento,0.8244,0.6667,1.0,1.0,1.0,0.8297,False,False
4,base+notas_del_otro_juez,local,0.6803,0.5,0.3763,1.0,0.3403,0.5956,False,False
